factor_id,layer,second_level,factor_name,event_or_factor,impact_path,affected_entities,direction_rule,time_horizon,data_sources,data_availability,proxy_variables,lag_days,confidence_default,backtestable,compliance_flag,trade_usage,ai_role,quantifiability,backtest_value,notes,source_file,source_section,taxonomy_version
company_events_factor_aa,经营与公司事件层,收入与订单,主营收入增长,event,收入上升 → 利润预期改善,所有公司,see impact_path,,巨潮公告、年报、招投标、海关,A,,,,true,public_data,factor_signal,低,高,高,要区分周期性增长和一次性增长,股价影响因素全景表v2.0.md,1.1,v2.0
company_events_factor_ab,经营与公司事件层,收入与订单,主营收入下降,event,收入下降 → 盈利预期下降,所有公司,see impact_path,,巨潮公告、年报、招投标、海关,A,,,,true,public_data,factor_signal,低,高,高,可能已经被股价提前反映,股价影响因素全景表v2.0.md,1.2,v2.0
company_events_factor_ac,经营与公司事件层,收入与订单,新增重大合同,event,未来收入确定性增强,工程、设备、军工、软件,see impact_path,,巨潮公告、年报、招投标、海关,A/C,,,,partial,public_data,factor_signal,高,中,中,合同金额不等于利润金额,股价影响因素全景表v2.0.md,1.3,v2.0
company_events_factor_ad,经营与公司事件层,收入与订单,订单取消或延迟,event,未来收入和产能利用率下降,制造、工程、出口链,see impact_path,,巨潮公告、年报、招投标、海关,C/D,,,,partial,public_data,factor_signal,高,低,中,直接订单数据常拿不到,股价影响因素全景表v2.0.md,1.4,v2.0
company_events_factor_ae,经营与公司事件层,客户结构,大客户依赖度上升,event,单一客户风险增加,电子、代工、设备、军工,see impact_path,,,A/B,,,,partial,public_data,factor_signal,中,中,中,需要年报客户集中度,股价影响因素全景表v2.0.md,1.5,v2.0
company_events_factor_af,经营与公司事件层,客户结构,大客户流失,event,收入下降、议价能力下降,供应链公司,see impact_path,,,D,,,,partial,unknown,factor_signal,高,低,中,只能用公告、财报、新闻代理,股价影响因素全景表v2.0.md,1.6,v2.0
company_events_factor_ag,经营与公司事件层,成本与原料,原材料成本上升,event,成本上升 → 毛利率下降,制造、钢铁、化工、食品,see impact_path,,期货交易所、统计局价格、发改委、海关,A/B,,,,true,public_data,factor_signal,低,高,高,是否能向下游转嫁是关键,股价影响因素全景表v2.0.md,1.7,v2.0
company_events_factor_ah,经营与公司事件层,成本与原料,能源成本上升,event,电价、煤价、油价上升 → 成本压力,高耗能企业、运输企业,see impact_path,,期货交易所、统计局价格、发改委、海关,A/B,,,,true,public_data,factor_signal,低,高,高,高耗能行业更敏感,股价影响因素全景表v2.0.md,1.8,v2.0
company_events_factor_ai,经营与公司事件层,成本与原料,人工成本上升,event,费用率上升 → 净利率下降,服务、制造、消费,see impact_path,,期货交易所、统计局价格、发改委、海关,B/D,,,,partial,public_data,factor_signal,中,中,中,可用员工数量和薪酬代理,股价影响因素全景表v2.0.md,1.9,v2.0
company_events_factor_aj,经营与公司事件层,毛利与产品结构,毛利率上升,event,定价能力增强或成本下降,所有公司,see impact_path,,,A,,,,true,public_data,factor_signal,低,高,高,要拆分产品结构和成本周期,股价影响因素全景表v2.0.md,1.10,v2.0
company_events_factor_ak,经营与公司事件层,毛利与产品结构,毛利率下降,event,价格战、成本上涨或产品低端化,所有公司,see impact_path,,,A,,,,true,public_data,factor_signal,低,高,高,周期行业要结合商品价格,股价影响因素全景表v2.0.md,1.11,v2.0
company_events_factor_al,经营与公司事件层,毛利与产品结构,高端产品占比提升,event,利润率和估值中枢改善,制造、消费、医药、科技,see impact_path,,,B/D,,,,partial,public_data,factor_signal,高,中,中,需要文本抽取业务结构,股价影响因素全景表v2.0.md,1.12,v2.0
company_events_factor_am,经营与公司事件层,费用与效率,销售费用率上升,event,获客成本上升或扩张投入,消费、互联网、医药,see impact_path,,,A,,,,partial,public_data,factor_signal,中,中,中,扩张期不一定是坏事,股价影响因素全景表v2.0.md,1.13,v2.0
company_events_factor_an,经营与公司事件层,费用与效率,管理费用率上升,event,经营效率下降,所有公司,see impact_path,,,A,,,,partial,public_data,factor_signal,低,中,中,需要同行对比,股价影响因素全景表v2.0.md,1.14,v2.0
company_events_factor_ao,经营与公司事件层,费用与效率,研发投入增加,event,长期竞争力可能提升,科技、医药、高端制造,see impact_path,,,A,,,,partial,public_data,factor_signal,中,中,中,研发转化率更重要,股价影响因素全景表v2.0.md,1.15,v2.0
company_events_factor_ap,经营与公司事件层,现金流与营运资本,经营现金流改善,event,利润质量提高,所有公司,see impact_path,,财报、半年报、年报,A,,,,true,public_data,factor_signal,低,高,高,比净利润更能反映质量,股价影响因素全景表v2.0.md,1.16,v2.0
company_events_factor_aq,经营与公司事件层,现金流与营运资本,经营现金流恶化,event,回款变差、库存积压、利润虚弱,所有公司,see impact_path,,财报、半年报、年报,A,,,,true,public_data,factor_signal,低,高,高,结合应收、存货、预付款,股价影响因素全景表v2.0.md,1.17,v2.0
company_events_factor_ar,经营与公司事件层,现金流与营运资本,应收账款大增,event,客户付款能力下降或收入质量差,工程、地产链、制造,see impact_path,,财报、半年报、年报,A,,,,true,public_data,factor_signal,低,高,高,收入增长但应收大增要警惕,股价影响因素全景表v2.0.md,1.18,v2.0
company_events_factor_as,经营与公司事件层,现金流与营运资本,存货大增,event,销售不畅或主动备货,制造、消费、周期,see impact_path,,财报、半年报、年报,A,,,,true,public_data,factor_signal,低,高,高,要区分主动补库和滞销,股价影响因素全景表v2.0.md,1.19,v2.0
company_events_factor_at,经营与公司事件层,资产负债与融资,资产负债率上升,event,财务风险提高,高杠杆行业,see impact_path,,财报、债券公告、公司公告,A,,,,true,public_data,factor_signal,低,高,高,地产、银行、周期行业需单独建模,股价影响因素全景表v2.0.md,1.20,v2.0
company_events_factor_au,经营与公司事件层,资产负债与融资,短债压力上升,event,再融资压力和违约风险上升,地产、城投链、民企,see impact_path,,财报、债券公告、公司公告,A/B,,,,true,public_data,factor_signal,中,高,高,现金短债比很关键,股价影响因素全景表v2.0.md,1.21,v2.0
company_events_factor_av,经营与公司事件层,资产负债与融资,利息费用上升,event,净利润下降,高负债公司,see impact_path,,财报、债券公告、公司公告,A/B,,,,true,public_data,factor_signal,低,高,高,与利率周期相关,股价影响因素全景表v2.0.md,1.22,v2.0
company_events_factor_aw,经营与公司事件层,资产负债与融资,股权质押比例高,event,股价下跌可能触发平仓风险,民企、小盘股,see impact_path,,财报、债券公告、公司公告,A/B,,,,partial,public_data,factor_signal,中,高,中,更适合做风险过滤器,股价影响因素全景表v2.0.md,1.23,v2.0
company_events_factor_ax,经营与公司事件层,资产质量,商誉减值,event,利润暴雷、并购失败,并购型公司,see impact_path,,,A/C,,,,partial,public_data,factor_signal,高,中,中,常在年报季出现,股价影响因素全景表v2.0.md,1.24,v2.0
company_events_factor_ay,经营与公司事件层,资产质量,资产减值,event,利润下滑、资产质量恶化,周期、地产、制造,see impact_path,,,A/C,,,,partial,public_data,factor_signal,高,中,中,一次性出清和持续恶化要区分,股价影响因素全景表v2.0.md,1.25,v2.0
company_events_factor_az,经营与公司事件层,资本回报,分红提高,event,股东回报增强，红利风格受益,成熟企业、央国企,see impact_path,,,A,,,,true,public_data,factor_signal,低,高,高,更适合中长期策略,股价影响因素全景表v2.0.md,1.26,v2.0
company_events_factor_ba,经营与公司事件层,资本回报,回购股份,event,信心增强，股票供给减少,成熟公司、低估公司,see impact_path,,,A,,,,partial,public_data,factor_signal,中,中,中,要看执行金额而非只看公告,股价影响因素全景表v2.0.md,1.27,v2.0
company_events_factor_bb,经营与公司事件层,公司治理,高管变动,event,战略、治理、风险预期变化,所有公司,see impact_path,,,A/C,,,,partial,public_data,factor_signal,高,低,中,正常换届和异常离职要区分,股价影响因素全景表v2.0.md,1.28,v2.0
company_events_factor_bc,经营与公司事件层,公司治理,财务造假 / 信披违规,event,信任崩塌，估值体系重置,所有公司,see impact_path,,,A/C,,,,true,public_data,risk_filter,高,中,高,风险因子价值很高,股价影响因素全景表v2.0.md,1.29,v2.0
company_events_factor_bd,经营与公司事件层,公司治理,重大诉讼 / 仲裁,event,赔偿、冻结、声誉风险,所有公司,see impact_path,,,A/C,,,,partial,public_data,factor_signal,高,中,中,看金额占净资产比例,股价影响因素全景表v2.0.md,1.30,v2.0
industry_chain_prices_factor_aa,行业供需与产业链价格层,上游资源供给,原材料价格上涨,factor,成本上升 → 毛利率下降,制造、钢铁、化工、食品,see impact_path,,海关、行业新闻、期货、部委通报,A,,,,true,public_data,factor_signal,低,高,高,对原料卖方可能是利好,股价影响因素全景表v2.0.md,2.1,v2.0
industry_chain_prices_factor_ab,行业供需与产业链价格层,上游资源供给,原材料价格下降,factor,成本下降 → 利润率改善,原料买方,see impact_path,,海关、行业新闻、期货、部委通报,A,,,,true,public_data,factor_signal,低,高,高,对资源企业可能是利空,股价影响因素全景表v2.0.md,2.2,v2.0
industry_chain_prices_factor_ac,行业供需与产业链价格层,上游资源供给,矿山/工厂停产,event,供给减少 → 原料涨价,资源、制造链,see impact_path,,海关、行业新闻、期货、部委通报,C,,,,partial,public_data,factor_signal,高,中,中,判断停产规模和持续时间,股价影响因素全景表v2.0.md,2.3,v2.0
industry_chain_prices_factor_ad,行业供需与产业链价格层,上游资源供给,新矿/新产能投放,event,供给增加 → 原料降价,资源、周期行业,see impact_path,,海关、行业新闻、期货、部委通报,C/D,,,,partial,public_data,factor_signal,高,中,中,投产周期可能很长,股价影响因素全景表v2.0.md,2.4,v2.0
industry_chain_prices_factor_ae,行业供需与产业链价格层,中游产量与开工,开工率上升,factor,需求改善或利润修复,周期、制造,see impact_path,,统计局、协会、行业数据,B/C,,,,true,public_data,factor_signal,中,高,高,公开数据行业差异大,股价影响因素全景表v2.0.md,2.5,v2.0
industry_chain_prices_factor_af,行业供需与产业链价格层,中游产量与开工,开工率下降,factor,需求疲弱或限产,周期、制造,see impact_path,,统计局、协会、行业数据,B/C,,,,true,public_data,factor_signal,中,高,高,需区分主动限产和被动停产,股价影响因素全景表v2.0.md,2.6,v2.0
industry_chain_prices_factor_ag,行业供需与产业链价格层,中游产量与开工,检修增加,factor,短期供给减少,化工、钢铁、能源,see impact_path,,统计局、协会、行业数据,C,,,,partial,public_data,factor_signal,高,中,中,关注检修规模和时间,股价影响因素全景表v2.0.md,2.7,v2.0
industry_chain_prices_factor_ah,行业供需与产业链价格层,下游需求,房地产新开工下降,factor,建材需求下降,钢铁、水泥、玻璃、家电,see impact_path,,统计局、部委、行业月报,A/B,,,,true,public_data,factor_signal,中,高,高,对地产链影响大,股价影响因素全景表v2.0.md,2.8,v2.0
industry_chain_prices_factor_ai,行业供需与产业链价格层,下游需求,基建投资加速,factor,工程需求改善,基建、建材、工程机械,see impact_path,,统计局、部委、行业月报,A/B,,,,true,public_data,factor_signal,中,高,高,政策预期常提前反应,股价影响因素全景表v2.0.md,2.9,v2.0
industry_chain_prices_factor_aj,行业供需与产业链价格层,下游需求,汽车销量增长,factor,零部件、板材、电子、锂电受益,汽车链,see impact_path,,统计局、部委、行业月报,A/B,,,,true,public_data,factor_signal,中,高,高,区分燃油车和新能源车,股价影响因素全景表v2.0.md,2.10,v2.0
industry_chain_prices_factor_ak,行业供需与产业链价格层,下游需求,消费需求下降,factor,收入和库存压力,消费、零售、食品饮料,see impact_path,,统计局、部委、行业月报,A/C,,,,partial,public_data,factor_signal,高,中,中,可用社零、搜索、价格代理,股价影响因素全景表v2.0.md,2.11,v2.0
industry_chain_prices_factor_al,行业供需与产业链价格层,出口需求,海外订单增长,factor,收入增长、产能利用率提升,外向型制造,see impact_path,,,B/C,,,,partial,public_data,factor_signal,高,中,中,汇率和关税一起看,股价影响因素全景表v2.0.md,2.12,v2.0
industry_chain_prices_factor_am,行业供需与产业链价格层,出口需求,海外订单下降,factor,收入下滑、库存压力增加,外贸链,see impact_path,,,B/C/D,,,,partial,public_data,factor_signal,高,中,中,直接订单常拿不到,股价影响因素全景表v2.0.md,2.13,v2.0
industry_chain_prices_factor_an,行业供需与产业链价格层,库存周期,行业库存低,factor,价格弹性上升,周期品、消费品,see impact_path,,,B/C,,,,true,public_data,factor_signal,中,中,高,低库存 + 需求改善最强,股价影响因素全景表v2.0.md,2.14,v2.0
industry_chain_prices_factor_ao,行业供需与产业链价格层,库存周期,行业库存高,factor,价格承压,周期品、消费品,see impact_path,,,B/C,,,,true,public_data,factor_signal,中,中,高,库存高但需求爆发时也可能反转,股价影响因素全景表v2.0.md,2.15,v2.0
industry_chain_prices_factor_ap,行业供需与产业链价格层,库存周期,主动补库存,factor,企业预期改善,周期、制造、消费,see impact_path,,,B/D,,,,partial,public_data,factor_signal,中,中,中,需价格、产量、库存组合判断,股价影响因素全景表v2.0.md,2.16,v2.0
industry_chain_prices_factor_aq,行业供需与产业链价格层,库存周期,主动去库存,factor,企业保守，需求偏弱,周期、制造、消费,see impact_path,,,B/D,,,,partial,public_data,factor_signal,中,中,中,可能也是底部前兆,股价影响因素全景表v2.0.md,2.17,v2.0
industry_chain_prices_factor_ar,行业供需与产业链价格层,产能周期,行业扩产,factor,未来供给增加，价格压力上升,光伏、锂电、化工、钢铁,see impact_path,,,C/D,,,,true,public_data,factor_signal,高,中,高,产能过剩会杀估值,股价影响因素全景表v2.0.md,2.18,v2.0
industry_chain_prices_factor_as,行业供需与产业链价格层,产能周期,行业出清,factor,竞争缓和，利润改善,周期、制造,see impact_path,,,C/D,,,,partial,public_data,factor_signal,高,中,中,破产、停产、亏损企业退出,股价影响因素全景表v2.0.md,2.19,v2.0
industry_chain_prices_factor_at,行业供需与产业链价格层,产品价格,产品现货价上涨,factor,收入和利润弹性提升,周期、资源、化工,see impact_path,,,A/B,,,,true,public_data,factor_signal,低,高,高,要配合库存和成本,股价影响因素全景表v2.0.md,2.20,v2.0
industry_chain_prices_factor_au,行业供需与产业链价格层,产品价格,产品现货价下跌,factor,利润承压,周期、资源、化工,see impact_path,,,A/B,,,,true,public_data,factor_signal,低,高,高,对下游可能利好,股价影响因素全景表v2.0.md,2.21,v2.0
industry_chain_prices_factor_av,行业供需与产业链价格层,跨品种价差,成品-原料价差扩大,factor,利润空间改善,加工型企业,see impact_path,,,A/B,,,,true,public_data,factor_signal,低,高,高,比单品价格更贴近利润,股价影响因素全景表v2.0.md,2.22,v2.0
industry_chain_prices_factor_aw,行业供需与产业链价格层,跨品种价差,成品-原料价差收窄,factor,利润空间被压缩,加工型企业,see impact_path,,,A/B,,,,true,public_data,factor_signal,低,高,高,价差模型需行业定制,股价影响因素全景表v2.0.md,2.23,v2.0
industry_chain_prices_factor_ax,行业供需与产业链价格层,竞争格局,价格战,factor,毛利率下降,电商、汽车、光伏、消费,see impact_path,,,C,,,,true,public_data,factor_signal,高,中,高,短期刺激销量，长期伤利润,股价影响因素全景表v2.0.md,2.24,v2.0
industry_chain_prices_factor_ay,行业供需与产业链价格层,竞争格局,行业集中度提升,factor,龙头议价力增强,多数行业,see impact_path,,,B/D,,,,partial,public_data,factor_signal,中,中,中,龙头和小企业影响相反,股价影响因素全景表v2.0.md,2.25,v2.0
industry_chain_prices_factor_az,行业供需与产业链价格层,替代品,替代技术出现,factor,旧公司估值下降，新公司受益,科技、能源、材料,see impact_path,,,C/D,,,,partial,public_data,factor_signal,高,低,中,时间跨度长，容易炒作过度,股价影响因素全景表v2.0.md,2.26,v2.0
industry_chain_prices_factor_ba,行业供需与产业链价格层,国产替代,进口受限 / 国产替代加速,factor,国内供应商份额提升,半导体、软件、高端制造,see impact_path,,,C/D,,,,partial,restricted,observe_only,高,中,中,真假国产替代要分清,股价影响因素全景表v2.0.md,2.27,v2.0
industry_chain_prices_factor_bb,行业供需与产业链价格层,供应链风险,关键零部件短缺,factor,产能受限，交付延迟,汽车、电子、设备,see impact_path,,,C/D,,,,partial,public_data,factor_signal,高,中,中,从新闻、公告、交付周期判断,股价影响因素全景表v2.0.md,2.28,v2.0
industry_chain_prices_factor_bc,行业供需与产业链价格层,供应链恢复,供应链瓶颈缓解,factor,产量恢复，成本下降,制造业,see impact_path,,,C/D,,,,partial,public_data,factor_signal,高,中,中,利好可能已提前定价,股价影响因素全景表v2.0.md,2.29,v2.0
industry_chain_prices_factor_bd,行业供需与产业链价格层,技术迭代,产品代际升级,factor,龙头受益，落后者受损,科技、医药、制造,see impact_path,,,C/D,,,,partial,public_data,factor_signal,高,中,中,需要技术理解，AI 只辅助,股价影响因素全景表v2.0.md,2.30,v2.0
macro_policy_international_factor_aa,宏观流动性与政策国际层,宏观景气,GDP 增速变化,event,总需求和盈利预期变化,全市场,see impact_path,,国家统计局 National Data,A,,,,partial,public_data,factor_signal,低,高,中,GDP 和股市不一一对应,股价影响因素全景表v2.0.md,3.1,v2.0
macro_policy_international_factor_ab,宏观流动性与政策国际层,宏观景气,PMI 上升,event,制造业订单改善,周期、制造,see impact_path,,国家统计局 National Data,A,,,,true,public_data,factor_signal,低,高,高,PMI 是相对及时的宏观指标,股价影响因素全景表v2.0.md,3.2,v2.0
macro_policy_international_factor_ac,宏观流动性与政策国际层,宏观景气,PMI 下降,event,工业需求转弱,周期、制造,see impact_path,,国家统计局 National Data,A,,,,true,public_data,factor_signal,低,高,高,要看是否低于荣枯线,股价影响因素全景表v2.0.md,3.3,v2.0
macro_policy_international_factor_ad,宏观流动性与政策国际层,通胀,CPI 上升,event,消费能力、利率预期变化,消费、债务企业、全市场,see impact_path,,,A,,,,partial,public_data,factor_signal,低,高,中,温和通胀和恶性通胀不同,股价影响因素全景表v2.0.md,3.4,v2.0
macro_policy_international_factor_ae,宏观流动性与政策国际层,通胀,PPI 上升,event,上游利润改善，下游成本上升,周期、制造,see impact_path,,,A,,,,true,public_data,factor_signal,低,高,高,对周期股重要,股价影响因素全景表v2.0.md,3.5,v2.0
macro_policy_international_factor_af,宏观流动性与政策国际层,通胀,PPI 下行,event,工业品价格承压,周期、制造,see impact_path,,,A,,,,true,public_data,factor_signal,低,高,高,可能意味着需求弱或成本降,股价影响因素全景表v2.0.md,3.6,v2.0
macro_policy_international_factor_ag,宏观流动性与政策国际层,货币流动性,降息,event,估值提升、融资成本下降,成长股、高负债企业,see impact_path,,,A,,,,true,public_data,factor_signal,低,高,高,也可能反映经济压力,股价影响因素全景表v2.0.md,3.7,v2.0
macro_policy_international_factor_ah,宏观流动性与政策国际层,货币流动性,加息,event,估值压缩、融资成本上升,成长股、高负债企业,see impact_path,,,A,,,,true,public_data,factor_signal,低,高,高,银行短期可能受益,股价影响因素全景表v2.0.md,3.8,v2.0
macro_policy_international_factor_ai,宏观流动性与政策国际层,货币流动性,降准,event,银行体系流动性增加,银行、地产、全市场,see impact_path,,,A,,,,true,public_data,factor_signal,低,高,高,取决于信贷是否能扩张,股价影响因素全景表v2.0.md,3.9,v2.0
macro_policy_international_factor_aj,宏观流动性与政策国际层,货币流动性,社融增长,event,信用扩张，风险偏好改善,全市场、地产、金融,see impact_path,,,A,,,,true,public_data,factor_signal,低,高,高,常领先盈利周期,股价影响因素全景表v2.0.md,3.10,v2.0
macro_policy_international_factor_ak,宏观流动性与政策国际层,货币流动性,企业中长期贷款改善,event,投资需求增强,基建、制造、银行,see impact_path,,,A,,,,true,public_data,factor_signal,低,高,高,拆分居民和企业贷款,股价影响因素全景表v2.0.md,3.11,v2.0
macro_policy_international_factor_al,宏观流动性与政策国际层,财政政策,专项债 / 基建刺激,event,基建需求改善,基建、建材、工程机械,see impact_path,,,A/C,,,,true,public_data,factor_signal,高,中,高,政策落地强度比口号重要,股价影响因素全景表v2.0.md,3.12,v2.0
macro_policy_international_factor_am,宏观流动性与政策国际层,财政政策,地方债化债,event,金融风险缓释,银行、城投链、地产链,see impact_path,,,A/C,,,,partial,public_data,factor_signal,高,中,中,影响风险偏好和信用预期,股价影响因素全景表v2.0.md,3.13,v2.0
macro_policy_international_factor_an,宏观流动性与政策国际层,房地产政策,限购放松 / 信贷放松,event,地产链需求改善,地产、银行、建材、家电,see impact_path,,,A/C,,,,true,public_data,factor_signal,高,中,高,是否带来销售改善是关键,股价影响因素全景表v2.0.md,3.14,v2.0
macro_policy_international_factor_ao,宏观流动性与政策国际层,消费政策,消费券 / 以旧换新,event,消费品销量改善,家电、汽车、零售,see impact_path,,,A/C,,,,partial,public_data,factor_signal,高,中,中,可能透支未来需求,股价影响因素全景表v2.0.md,3.15,v2.0
macro_policy_international_factor_ap,宏观流动性与政策国际层,产业政策,新能源补贴,event,行业需求提升,新能源车、光伏、储能,see impact_path,,,A/C,,,,true,public_data,factor_signal,高,中,高,补贴退坡也会形成利空,股价影响因素全景表v2.0.md,3.16,v2.0
macro_policy_international_factor_aq,宏观流动性与政策国际层,产业政策,医药集采,event,产品降价，利润率下降,医药、器械,see impact_path,,,A/C,,,,true,public_data,factor_signal,高,中,高,创新药和仿制药影响不同,股价影响因素全景表v2.0.md,3.17,v2.0
macro_policy_international_factor_ar,宏观流动性与政策国际层,产业政策,游戏版号,event,收入预期改善或受限,游戏、传媒,see impact_path,,,A/C,,,,partial,public_data,factor_signal,高,中,中,事件驱动强,股价影响因素全景表v2.0.md,3.18,v2.0
macro_policy_international_factor_as,宏观流动性与政策国际层,产业政策,环保限产,event,供给下降或公司产能受限,钢铁、水泥、化工,see impact_path,,,C,,,,true,public_data,factor_signal,高,中,高,限行业利好，限公司利空,股价影响因素全景表v2.0.md,3.19,v2.0
macro_policy_international_factor_at,宏观流动性与政策国际层,产业政策,安全生产检查,event,停产、供给收缩、成本上升,煤炭、化工、矿山,see impact_path,,,C,,,,partial,public_data,factor_signal,高,中,中,需区域和产能映射,股价影响因素全景表v2.0.md,3.20,v2.0
macro_policy_international_factor_au,宏观流动性与政策国际层,汇率,人民币贬值,event,出口受益、进口成本上升,出口链、航空、资源进口,see impact_path,,,A,,,,true,public_data,factor_signal,低,高,高,还影响外资流向,股价影响因素全景表v2.0.md,3.21,v2.0
macro_policy_international_factor_av,宏观流动性与政策国际层,汇率,人民币升值,event,进口成本下降、出口压力上升,航空、资源进口、出口链,see impact_path,,,A,,,,true,public_data,factor_signal,低,高,高,对市场风险偏好也有影响,股价影响因素全景表v2.0.md,3.22,v2.0
macro_policy_international_factor_aw,宏观流动性与政策国际层,利率,国债收益率上升,event,估值压缩，红利吸引力变化,全市场、成长股、红利股,see impact_path,,,A,,,,true,public_data,factor_signal,低,高,高,和风险偏好相关,股价影响因素全景表v2.0.md,3.23,v2.0
macro_policy_international_factor_ax,宏观流动性与政策国际层,国际贸易,关税上升,event,出口受损、成本变化,出口链、进口链,see impact_path,,,A/C,,,,partial,public_data,factor_signal,高,中,中,反倾销影响单品类更明显,股价影响因素全景表v2.0.md,3.24,v2.0
macro_policy_international_factor_ay,宏观流动性与政策国际层,国际贸易,出口管制,event,供应链受阻，国产替代加速,半导体、AI、军工,see impact_path,,,A/C,,,,partial,public_data,factor_signal,高,中,中,利空和利好同时存在,股价影响因素全景表v2.0.md,3.25,v2.0
macro_policy_international_factor_az,宏观流动性与政策国际层,地缘政治,战争 / 冲突,event,能源、黄金、军工、航运波动,军工、能源、航运、黄金,see impact_path,,,A/C,,,,partial,public_data,factor_signal,高,中,中,情绪冲击强，持续性不确定,股价影响因素全景表v2.0.md,3.26,v2.0
macro_policy_international_factor_ba,宏观流动性与政策国际层,海外市场,美股大跌,event,风险偏好下降，外资波动,全市场、科技成长,see impact_path,,,A,,,,partial,public_data,factor_signal,低,高,中,A 股不完全同步,股价影响因素全景表v2.0.md,3.27,v2.0
macro_policy_international_factor_bb,宏观流动性与政策国际层,海外利率,美债收益率上升,event,全球估值压缩，外资流出压力,成长股、新兴市场,see impact_path,,,A,,,,true,public_data,factor_signal,低,高,高,对港股和成长股更敏感,股价影响因素全景表v2.0.md,3.28,v2.0
macro_policy_international_factor_bc,宏观流动性与政策国际层,大宗商品,油价上涨,event,能源受益，下游成本上升,石油、航空、化工、物流,see impact_path,,,A,,,,true,public_data,factor_signal,低,高,高,影响方向分行业,股价影响因素全景表v2.0.md,3.29,v2.0
macro_policy_international_factor_bd,宏观流动性与政策国际层,大宗商品,金价上涨,event,避险情绪、黄金企业受益,黄金、贵金属,see impact_path,,,A,,,,true,public_data,factor_signal,低,高,高,区分美元和实际利率因素,股价影响因素全景表v2.0.md,3.30,v2.0
capital_market_supply_factor_aa,资本市场制度与供需层,IPO 供给,IPO 节奏加快,factor,市场资金被分流，风险偏好下降,全市场、小盘股,see impact_path,,,A/B,,,,partial,public_data,factor_signal,低,中,中,影响更多是心理和资金供给,股价影响因素全景表v2.0.md,4.1,v2.0
capital_market_supply_factor_ab,资本市场制度与供需层,IPO 供给,IPO 收紧,factor,股票供给减少，壳/小盘预期变化,全市场、小盘股,see impact_path,,,A/B,,,,partial,public_data,factor_signal,中,中,中,也可能反映监管趋严,股价影响因素全景表v2.0.md,4.2,v2.0
capital_market_supply_factor_ac,资本市场制度与供需层,再融资,定增 / 配股,factor,股权稀释，资金压力,个股,see impact_path,,,A,,,,true,public_data,factor_signal,中,高,高,募资用途很重要,股价影响因素全景表v2.0.md,4.3,v2.0
capital_market_supply_factor_ad,资本市场制度与供需层,再融资,可转债发行,factor,潜在稀释、融资改善,个股,see impact_path,,,A,,,,partial,public_data,factor_signal,中,中,中,要看转股价格和规模,股价影响因素全景表v2.0.md,4.4,v2.0
capital_market_supply_factor_ae,资本市场制度与供需层,减持,大股东减持,factor,潜在卖压和信心下降,个股,see impact_path,,,A,,,,true,public_data,factor_signal,中,高,高,减持规模和价格位置关键,股价影响因素全景表v2.0.md,4.5,v2.0
capital_market_supply_factor_af,资本市场制度与供需层,解禁,限售股解禁,factor,股票供给增加，卖压预期,个股,see impact_path,,,A,,,,true,public_data,factor_signal,低,高,高,大额解禁常提前反应,股价影响因素全景表v2.0.md,4.6,v2.0
capital_market_supply_factor_ag,资本市场制度与供需层,分红,高分红,factor,股东回报提高，红利资金流入,红利、央国企、银行,see impact_path,,,A,,,,true,public_data,factor_signal,低,高,高,普通价格指数不完整体现分红,股价影响因素全景表v2.0.md,4.7,v2.0
capital_market_supply_factor_ah,资本市场制度与供需层,回购,大规模回购,event,股票供给减少，信心增强,个股,see impact_path,,,A,,,,partial,public_data,factor_signal,中,中,中,回购执行率比公告更重要,股价影响因素全景表v2.0.md,4.8,v2.0
capital_market_supply_factor_ai,资本市场制度与供需层,退市制度,退市趋严,event,壳价值下降，垃圾股风险上升,小盘、绩差股,see impact_path,,,A/C,,,,partial,public_data,risk_filter,高,中,中,会改变市场风格,股价影响因素全景表v2.0.md,4.9,v2.0
capital_market_supply_factor_aj,资本市场制度与供需层,交易制度,涨跌停制度,factor,信息无法一次释放，形成连板/跌停,短线题材、风险股,see impact_path,,,unknown,,,,true,unknown,factor_signal,低,中,高,影响流动性和次日溢价,股价影响因素全景表v2.0.md,4.10,v2.0
capital_market_supply_factor_ak,资本市场制度与供需层,交易制度,T+1,factor,当天买入不能卖出,短线交易,see impact_path,,,unknown,,,,partial,unknown,factor_signal,低,中,中,强化尾盘和次日博弈,股价影响因素全景表v2.0.md,4.11,v2.0
capital_market_supply_factor_al,资本市场制度与供需层,交易制度,做空机制不完善,factor,坏消息反应不充分，泡沫可能延续,全市场,see impact_path,,,unknown,,,,false,unknown,factor_signal,低,低,低,影响市场有效性,股价影响因素全景表v2.0.md,4.12,v2.0
capital_market_supply_factor_am,资本市场制度与供需层,融资融券,融资余额上升,factor,杠杆资金入场，风险偏好提高,两融标的,see impact_path,,,A,,,,true,public_data,factor_signal,低,高,高,过高时变成反向风险,股价影响因素全景表v2.0.md,4.13,v2.0
capital_market_supply_factor_an,资本市场制度与供需层,融资融券,融资盘踩踏,factor,下跌触发强平或止损,高杠杆热门股,see impact_path,,,A/D,,,,true,public_data,factor_signal,中,中,高,结合跌幅和融资余额,股价影响因素全景表v2.0.md,4.14,v2.0
capital_market_supply_factor_ao,资本市场制度与供需层,指数编制,纳入指数,event,被动资金买入,大中盘、指数成分,see impact_path,,,A/B,,,,true,public_data,factor_signal,低,中,高,纳入前常提前交易,股价影响因素全景表v2.0.md,4.15,v2.0
capital_market_supply_factor_ap,资本市场制度与供需层,指数编制,剔除指数,event,被动资金卖出,指数成分股,see impact_path,,,A/B,,,,true,public_data,factor_signal,低,中,高,关注调仓日,股价影响因素全景表v2.0.md,4.16,v2.0
capital_market_supply_factor_aq,资本市场制度与供需层,ETF 资金,ETF 大额申购,factor,被动买入成分股,指数成分股,see impact_path,,,A/B,,,,partial,public_data,factor_signal,低,中,中,影响权重股更明显,股价影响因素全景表v2.0.md,4.17,v2.0
capital_market_supply_factor_ar,资本市场制度与供需层,ETF 资金,ETF 赎回,factor,被动卖出成分股,指数成分股,see impact_path,,,A/B,,,,partial,public_data,factor_signal,低,中,中,下跌时放大波动,股价影响因素全景表v2.0.md,4.18,v2.0
capital_market_supply_factor_as,资本市场制度与供需层,公募制度,基金费率变化,factor,长线资金配置意愿变化,公募重仓、指数产品,see impact_path,,,A/C,,,,partial,public_data,factor_signal,中,中,中,影响偏中长期,股价影响因素全景表v2.0.md,4.19,v2.0
capital_market_supply_factor_at,资本市场制度与供需层,长线资金,养老金/保险增配,factor,市场资金供给改善,蓝筹、红利、宽基,see impact_path,,,A/C,,,,partial,public_data,factor_signal,高,中,中,政策信号和实际配置有差距,股价影响因素全景表v2.0.md,4.20,v2.0
capital_market_supply_factor_au,资本市场制度与供需层,监管维稳,市场维稳政策,event,风险偏好改善，卖压下降,全市场,see impact_path,,,A/C,,,,partial,public_data,factor_signal,高,中,中,可能扭曲正常价格发现,股价影响因素全景表v2.0.md,4.21,v2.0
capital_market_supply_factor_av,资本市场制度与供需层,监管维稳,限制卖出 / 窗口指导,event,人为降低短期卖压,机构、私募、部分股票,see impact_path,,,C/D,,,,partial,public_data,factor_signal,高,低,低/中,数据难结构化，但现实影响大,股价影响因素全景表v2.0.md,4.22,v2.0
capital_market_supply_factor_aw,资本市场制度与供需层,监管态度,量化/高频监管加强,event,策略受限，资金风格变化,高频、量化、小微盘,see impact_path,,,A/C,,,,partial,public_data,factor_signal,高,中,中,规则变化需持续更新,股价影响因素全景表v2.0.md,4.23,v2.0
capital_market_supply_factor_ax,资本市场制度与供需层,监管态度,严打操纵/财务造假,event,劣质股承压，市场质量改善,小盘、绩差股,see impact_path,,,A/C,,,,partial,public_data,factor_signal,高,中,中,长期利好市场质量,股价影响因素全景表v2.0.md,4.24,v2.0
capital_market_supply_factor_ay,资本市场制度与供需层,信息服务制度,增值行情数据受限,factor,高频和微观结构策略受影响,量化、高频、机构,see impact_path,,,C/D,,,,false,restricted,observe_only,高,低,低,对小资金低频影响较小,股价影响因素全景表v2.0.md,4.25,v2.0
trading_microstructure_factor_aa,交易行为与微观结构层,成交量,放量上涨,factor,资金确认，趋势增强,所有股票,see impact_path,,,A,,,,true,public_data,factor_signal,低,高,高,高位放量可能是出货,股价影响因素全景表v2.0.md,5.1,v2.0
trading_microstructure_factor_ab,交易行为与微观结构层,成交量,放量下跌,factor,恐慌或机构卖出,所有股票,see impact_path,,,A,,,,true,public_data,factor_signal,低,高,高,低位放量可能是换手,股价影响因素全景表v2.0.md,5.2,v2.0
trading_microstructure_factor_ac,交易行为与微观结构层,成交量,缩量上涨,factor,抛压小但资金不足,所有股票,see impact_path,,,A,,,,partial,public_data,factor_signal,低,高,中,容易冲高回落,股价影响因素全景表v2.0.md,5.3,v2.0
trading_microstructure_factor_ad,交易行为与微观结构层,成交量,缩量下跌,factor,关注度低或阴跌,所有股票,see impact_path,,,A,,,,partial,public_data,factor_signal,低,高,中,可能是无人承接,股价影响因素全景表v2.0.md,5.4,v2.0
trading_microstructure_factor_ae,交易行为与微观结构层,换手率,高换手,factor,筹码快速交换，短线博弈增强,小盘、题材,see impact_path,,,A,,,,true,public_data,factor_signal,低,高,高,高位高换手风险大,股价影响因素全景表v2.0.md,5.5,v2.0
trading_microstructure_factor_af,交易行为与微观结构层,换手率,低换手,factor,筹码稳定或流动性差,大盘股、冷门股,see impact_path,,,A,,,,partial,public_data,factor_signal,低,高,中,流动性不足影响交易,股价影响因素全景表v2.0.md,5.6,v2.0
trading_microstructure_factor_ag,交易行为与微观结构层,价格行为,突破平台,factor,趋势资金入场,趋势股,see impact_path,,,A,,,,true,public_data,factor_signal,低,高,高,假突破常见,股价影响因素全景表v2.0.md,5.7,v2.0
trading_microstructure_factor_ah,交易行为与微观结构层,价格行为,跌破支撑,factor,止损盘触发,所有股票,see impact_path,,,A,,,,true,public_data,factor_signal,低,高,高,结合量能判断,股价影响因素全景表v2.0.md,5.8,v2.0
trading_microstructure_factor_ai,交易行为与微观结构层,价格行为,跳空高开,factor,情绪强化或资金抢筹,题材、事件股,see impact_path,,,A,,,,partial,public_data,factor_signal,中,高,中,高开低走风险大,股价影响因素全景表v2.0.md,5.9,v2.0
trading_microstructure_factor_aj,交易行为与微观结构层,价格行为,跳空低开,factor,恐慌或利空释放,风险股,see impact_path,,,A,,,,partial,public_data,factor_signal,中,高,中,可能利空出尽,股价影响因素全景表v2.0.md,5.10,v2.0
trading_microstructure_factor_ak,交易行为与微观结构层,涨停结构,首板,factor,题材启动可能性,短线题材,see impact_path,,,A,,,,true,public_data,factor_signal,中,高,高,首板成功率需历史验证,股价影响因素全景表v2.0.md,5.11,v2.0
trading_microstructure_factor_al,交易行为与微观结构层,涨停结构,连板,factor,情绪强化，龙头形成,游资题材,see impact_path,,,A,,,,true,public_data,factor_signal,中,高,高,退潮时风险巨大,股价影响因素全景表v2.0.md,5.12,v2.0
trading_microstructure_factor_am,交易行为与微观结构层,涨停结构,炸板,factor,资金分歧，情绪转弱,短线题材,see impact_path,,,A,,,,true,public_data,factor_signal,中,高,高,炸板率是情绪指标,股价影响因素全景表v2.0.md,5.13,v2.0
trading_microstructure_factor_an,交易行为与微观结构层,涨停结构,封单强弱,factor,资金抢筹或虚假强势,短线题材,see impact_path,,,A/D,,,,partial,public_data,factor_signal,低,中,中,盘口数据要求高,股价影响因素全景表v2.0.md,5.14,v2.0
trading_microstructure_factor_ao,交易行为与微观结构层,龙虎榜,知名游资买入,factor,短线关注度上升,题材股,see impact_path,,,A/C,,,,partial,public_data,factor_signal,高,中,中,游资买入不等于次日上涨,股价影响因素全景表v2.0.md,5.15,v2.0
trading_microstructure_factor_ap,交易行为与微观结构层,龙虎榜,机构席位买入,factor,中线资金认可可能增强,趋势股、成长股,see impact_path,,,A/C,,,,partial,public_data,factor_signal,高,中,中,假机构席位需谨慎,股价影响因素全景表v2.0.md,5.16,v2.0
trading_microstructure_factor_aq,交易行为与微观结构层,北向资金,北向流入,factor,蓝筹和权重股情绪改善,白马、核心资产,see impact_path,,,A,,,,true,public_data,factor_signal,低,高,高,北向不是永远聪明资金,股价影响因素全景表v2.0.md,5.17,v2.0
trading_microstructure_factor_ar,交易行为与微观结构层,北向资金,北向流出,factor,风险偏好下降,蓝筹、核心资产,see impact_path,,,A,,,,true,public_data,factor_signal,低,高,高,汇率和海外风险影响大,股价影响因素全景表v2.0.md,5.18,v2.0
trading_microstructure_factor_as,交易行为与微观结构层,公募资金,基金抱团,factor,估值提升，风格强化,消费、医药、新能源等,see impact_path,,,B/D,,,,partial,public_data,factor_signal,中,中,中,持仓披露滞后,股价影响因素全景表v2.0.md,5.19,v2.0
trading_microstructure_factor_at,交易行为与微观结构层,公募资金,基金赎回压力,factor,被动卖出重仓股,基金重仓股,see impact_path,,,B/D,,,,partial,public_data,factor_signal,中,中,中,直接赎回数据难拿,股价影响因素全景表v2.0.md,5.20,v2.0
trading_microstructure_factor_au,交易行为与微观结构层,量化资金,小盘量化暴露,factor,小微盘风格强化或踩踏,小盘股,see impact_path,,,D,,,,partial,unknown,factor_signal,中,中,中,用风格指数代理,股价影响因素全景表v2.0.md,5.21,v2.0
trading_microstructure_factor_av,交易行为与微观结构层,风控资金,回撤触发减仓,factor,趋势下跌被放大,机构重仓股,see impact_path,,,D,,,,partial,unknown,factor_signal,中,中,中,只能通过价格和风格反推,股价影响因素全景表v2.0.md,5.22,v2.0
trading_microstructure_factor_aw,交易行为与微观结构层,算法交易,VWAP/TWAP 拆单,factor,成交节奏影响盘口,大额交易标的,see impact_path,,,D,,,,false,unknown,factor_signal,低,低,低,普通数据难识别,股价影响因素全景表v2.0.md,5.23,v2.0
trading_microstructure_factor_ax,交易行为与微观结构层,高频交易,盘口订单流变化,factor,短期价差和流动性变化,高流动性标的,see impact_path,,,D,,,,partial,unknown,factor_signal,低,中,低/中,需要 Level-2 数据,股价影响因素全景表v2.0.md,5.24,v2.0
trading_microstructure_factor_ay,交易行为与微观结构层,异常资金,长期横盘后放量,factor,疑似吸筹后拉升,小盘低流动性股,see impact_path,,,A/D,,,,partial,public_data,factor_signal,中,中,中,不能断言操纵，只能做异常标签,股价影响因素全景表v2.0.md,5.25,v2.0
trading_microstructure_factor_az,交易行为与微观结构层,异常资金,高位放巨量滞涨,factor,疑似出货风险,小盘题材股,see impact_path,,,A/D,,,,true,public_data,factor_signal,中,中,高,适合作为风险过滤,股价影响因素全景表v2.0.md,5.26,v2.0
trading_microstructure_factor_ba,交易行为与微观结构层,尾盘行为,尾盘拉升,factor,抢筹、做收盘价或次日预期,短线股,see impact_path,,,A,,,,partial,public_data,factor_signal,中,高,中,不一定是真强势,股价影响因素全景表v2.0.md,5.27,v2.0
trading_microstructure_factor_bb,交易行为与微观结构层,尾盘行为,尾盘跳水,factor,资金撤退或风险暴露,所有股票,see impact_path,,,A,,,,partial,public_data,factor_signal,中,高,中,看是否有新闻/公告,股价影响因素全景表v2.0.md,5.28,v2.0
trading_microstructure_factor_bc,交易行为与微观结构层,板块联动,板块集体上涨,factor,题材或行业资金流入,板块内股票,see impact_path,,,A,,,,true,public_data,factor_signal,中,高,高,龙头和后排差异大,股价影响因素全景表v2.0.md,5.29,v2.0
trading_microstructure_factor_bd,交易行为与微观结构层,板块联动,板块分化,factor,资金只认可龙头,题材板块,see impact_path,,,A,,,,true,public_data,factor_signal,中,高,高,后排补涨风险高,股价影响因素全景表v2.0.md,5.30,v2.0
disclosure_sentiment_factor_aa,信息披露与舆情传播层,法定披露,业绩预告上修,event,盈利预期改善,个股,see impact_path,,,A,,,,true,public_data,factor_signal,高,高,高,是否超预期是关键,股价影响因素全景表v2.0.md,6.1,v2.0
disclosure_sentiment_factor_ab,信息披露与舆情传播层,法定披露,业绩预告下修,event,盈利预期下降,个股,see impact_path,,,A,,,,true,public_data,factor_signal,高,高,高,有时利空出尽,股价影响因素全景表v2.0.md,6.2,v2.0
disclosure_sentiment_factor_ac,信息披露与舆情传播层,法定披露,重大合同公告,event,未来收入确定性增强,工程、设备、军工,see impact_path,,,A,,,,partial,public_data,factor_signal,高,中,中,合同利润率未知,股价影响因素全景表v2.0.md,6.3,v2.0
disclosure_sentiment_factor_ad,信息披露与舆情传播层,法定披露,并购重组,event,资产注入或估值重构,个股,see impact_path,,,A,,,,partial,public_data,factor_signal,高,中,中,失败风险和估值过高风险,股价影响因素全景表v2.0.md,6.4,v2.0
disclosure_sentiment_factor_ae,信息披露与舆情传播层,法定披露,监管问询函,event,风险关注上升,个股,see impact_path,,,A,,,,true,public_data,factor_signal,高,中,高,财务问题尤其重要,股价影响因素全景表v2.0.md,6.5,v2.0
disclosure_sentiment_factor_af,信息披露与舆情传播层,法定披露,处罚公告,event,声誉和合规风险,个股/行业,see impact_path,,,A,,,,true,public_data,risk_filter,高,中,高,处罚金额和性质要区分,股价影响因素全景表v2.0.md,6.6,v2.0
disclosure_sentiment_factor_ag,信息披露与舆情传播层,财报文本,管理层语气变化,factor,未来预期变弱或变强,所有公司,see impact_path,,,A,,,,partial,public_data,factor_signal,高,中,中,NLP 可做语气和风险词,股价影响因素全景表v2.0.md,6.7,v2.0
disclosure_sentiment_factor_ah,信息披露与舆情传播层,财报文本,风险提示增加,factor,潜在经营压力,所有公司,see impact_path,,,A,,,,partial,public_data,risk_filter,高,中,中,需历史对比,股价影响因素全景表v2.0.md,6.8,v2.0
disclosure_sentiment_factor_ai,信息披露与舆情传播层,政策新闻,部委政策文件,event,政策预期变化,行业/全市场,see impact_path,,,A/C,,,,true,public_data,factor_signal,高,中,高,区分传闻、征求意见、正式文件,股价影响因素全景表v2.0.md,6.9,v2.0
disclosure_sentiment_factor_aj,信息披露与舆情传播层,政策新闻,地方政策,event,区域行业受影响,区域产业链,see impact_path,,,C,,,,partial,public_data,factor_signal,高,中,中,需区域公司映射,股价影响因素全景表v2.0.md,6.10,v2.0
disclosure_sentiment_factor_ak,信息披露与舆情传播层,行业新闻,行业景气新闻,event,行业预期变化,行业股,see impact_path,,,C,,,,partial,public_data,factor_signal,高,中,中,需要产业链映射,股价影响因素全景表v2.0.md,6.11,v2.0
disclosure_sentiment_factor_al,信息披露与舆情传播层,行业新闻,地方新闻,event,工厂、项目、事故早期信息,个股/区域产业,see impact_path,,,C,,,,partial,public_data,factor_signal,高,中,中,地方新闻常有早期信号,股价影响因素全景表v2.0.md,6.12,v2.0
disclosure_sentiment_factor_am,信息披露与舆情传播层,海外新闻,海外政策 / 供应链事件,event,出口、供应链、地缘影响,出口链、资源链,see impact_path,,,C,,,,partial,public_data,factor_signal,高,中,中,需要中英文数据源,股价影响因素全景表v2.0.md,6.13,v2.0
disclosure_sentiment_factor_an,信息披露与舆情传播层,舆情讨论,讨论量暴增,factor,市场关注度上升,题材股、消费品牌,see impact_path,,,C,,,,partial,public_data,factor_signal,高,高,中,高热度不等于利好,股价影响因素全景表v2.0.md,6.14,v2.0
disclosure_sentiment_factor_ao,信息披露与舆情传播层,舆情讨论,负面率上升,factor,声誉风险、销售风险,消费、医药、平台公司,see impact_path,,,C,,,,partial,public_data,factor_signal,高,中,中,水军和竞品攻击要过滤,股价影响因素全景表v2.0.md,6.15,v2.0
disclosure_sentiment_factor_ap,信息披露与舆情传播层,舆情讨论,争议度上升,factor,情绪分裂，波动加大,公众公司、品牌公司,see impact_path,,,C,,,,partial,public_data,factor_signal,高,中,中,争议可能带来流量或风险,股价影响因素全景表v2.0.md,6.16,v2.0
disclosure_sentiment_factor_aq,信息披露与舆情传播层,传播路径,跨平台扩散,factor,事件影响扩大,消费、互联网、明星公司,see impact_path,,,C,,,,partial,public_data,factor_signal,高,中,中,从小平台扩到主流媒体更危险,股价影响因素全景表v2.0.md,6.17,v2.0
disclosure_sentiment_factor_ar,信息披露与舆情传播层,传播路径,KOL 参与,factor,传播速度和可信度上升,题材、品牌、消费,see impact_path,,,C,,,,partial,public_data,factor_signal,高,中,中,KOL 历史准确率重要,股价影响因素全景表v2.0.md,6.18,v2.0
disclosure_sentiment_factor_as,信息披露与舆情传播层,传播质量,水军/机器人异常,factor,虚假热度或舆论操纵,题材、争议事件,see impact_path,,,C/D,,,,partial,public_data,factor_signal,高,中,中,和舆情系统高度相关,股价影响因素全景表v2.0.md,6.19,v2.0
disclosure_sentiment_factor_at,信息披露与舆情传播层,谣言小作文,并购传闻,event,短线情绪拉升,个股、题材股,see impact_path,,,C,,,,partial,rumor_only,observe_only,高,低,中,真实性未知，不能直接交易,股价影响因素全景表v2.0.md,6.20,v2.0
disclosure_sentiment_factor_au,信息披露与舆情传播层,谣言小作文,监管传闻,event,短期波动放大,行业/个股,see impact_path,,,C,,,,partial,rumor_only,observe_only,高,低,中,等正式文件验证,股价影响因素全景表v2.0.md,6.21,v2.0
disclosure_sentiment_factor_av,信息披露与舆情传播层,谣言小作文,订单传闻,event,收入预期变化,供应链公司,see impact_path,,,C/D,,,,partial,rumor_only,observe_only,高,低,中,容易被资金利用,股价影响因素全景表v2.0.md,6.22,v2.0
disclosure_sentiment_factor_aw,信息披露与舆情传播层,辟谣澄清,公司澄清公告,event,预期修正或情绪降温,个股,see impact_path,,,A/C,,,,partial,public_data,factor_signal,高,中,中,看澄清是否有实质证据,股价影响因素全景表v2.0.md,6.23,v2.0
disclosure_sentiment_factor_ax,信息披露与舆情传播层,搜索热度,品牌搜索上升,factor,消费关注度变化,消费、旅游、互联网,see impact_path,,,C,,,,partial,public_data,factor_signal,中,中,中,热度可能来自负面事件,股价影响因素全景表v2.0.md,6.24,v2.0
disclosure_sentiment_factor_ay,信息披露与舆情传播层,招聘信息,招聘岗位增加,factor,业务扩张或项目推进,科技、制造、服务,see impact_path,,,C,,,,partial,public_data,factor_signal,高,中,中,招聘不等于收入增长,股价影响因素全景表v2.0.md,6.25,v2.0
disclosure_sentiment_factor_az,信息披露与舆情传播层,专利信息,专利数量/质量变化,factor,技术储备变化,科技、医药、制造,see impact_path,,,C,,,,partial,public_data,factor_signal,高,中,低/中,长期指标，短线价值低,股价影响因素全景表v2.0.md,6.26,v2.0
disclosure_sentiment_factor_ba,信息披露与舆情传播层,招投标,中标公告,event,未来订单确认,工程、软件、设备,see impact_path,,,C,,,,partial,public_data,factor_signal,高,中,中,中标金额和利润率需判断,股价影响因素全景表v2.0.md,6.27,v2.0
disclosure_sentiment_factor_bb,信息披露与舆情传播层,诉讼处罚,法院/监管公开信息,event,合规和现金流风险,所有公司,see impact_path,,,C,,,,partial,public_data,factor_signal,高,中,中,看金额和核心业务相关性,股价影响因素全景表v2.0.md,6.28,v2.0
disclosure_sentiment_factor_bc,信息披露与舆情传播层,媒体层级,主流媒体报道,event,信息可信度和传播面提升,所有公司,see impact_path,,,C,,,,partial,public_data,factor_signal,高,中,中,来源权威度要打分,股价影响因素全景表v2.0.md,6.29,v2.0
disclosure_sentiment_factor_bd,信息披露与舆情传播层,信息时效,抓取时间差,factor,越早识别越有事件价值,事件驱动策略,see impact_path,,,A/C,,,,true,public_data,factor_signal,高,高,高,必须记录公开时间和抓取时间,股价影响因素全景表v2.0.md,6.30,v2.0
expectation_valuation_factor_aa,预期、估值与定价偏离层,业绩预期,业绩超预期,factor,盈利预测上调，估值修复,个股,see impact_path,,,A/B,,,,true,public_data,factor_signal,中,高,高,关键是相对市场预期，不是同比本身,股价影响因素全景表v2.0.md,7.1,v2.0
expectation_valuation_factor_ab,预期、估值与定价偏离层,业绩预期,业绩不及预期,factor,盈利预测下调,个股,see impact_path,,,A/B,,,,true,public_data,factor_signal,中,高,高,低预期下小幅差可能利空有限,股价影响因素全景表v2.0.md,7.2,v2.0
expectation_valuation_factor_ac,预期、估值与定价偏离层,业绩预期,业绩指引上修,event,管理层预期改善,个股,see impact_path,,,A,,,,true,public_data,factor_signal,高,中,高,看是否有具体数据支撑,股价影响因素全景表v2.0.md,7.3,v2.0
expectation_valuation_factor_ad,预期、估值与定价偏离层,业绩预期,业绩指引下修,event,管理层预期恶化,个股,see impact_path,,,A,,,,true,public_data,factor_signal,高,中,高,可能触发估值重估,股价影响因素全景表v2.0.md,7.4,v2.0
expectation_valuation_factor_ae,预期、估值与定价偏离层,分析师预期,盈利预测上调,factor,机构预期改善,机构覆盖股票,see impact_path,,,B,,,,partial,public_data,factor_signal,中,中,中,数据源成本可能较高,股价影响因素全景表v2.0.md,7.5,v2.0
expectation_valuation_factor_af,预期、估值与定价偏离层,分析师预期,盈利预测下调,factor,机构预期恶化,机构覆盖股票,see impact_path,,,B,,,,partial,public_data,factor_signal,中,中,中,滞后性较强,股价影响因素全景表v2.0.md,7.6,v2.0
expectation_valuation_factor_ag,预期、估值与定价偏离层,机构评级,上调评级,factor,风险偏好改善,蓝筹、成长股,see impact_path,,,B/C,,,,partial,public_data,factor_signal,中,中,中,国内评级偏乐观,股价影响因素全景表v2.0.md,7.7,v2.0
expectation_valuation_factor_ah,预期、估值与定价偏离层,机构评级,下调评级,factor,估值压力,蓝筹、成长股,see impact_path,,,B/C,,,,partial,public_data,factor_signal,中,中,中,有时已经跌完,股价影响因素全景表v2.0.md,7.8,v2.0
expectation_valuation_factor_ai,预期、估值与定价偏离层,估值水平,PE/PB 分位数低,factor,估值修复空间,价值股、周期股,see impact_path,,,A,,,,true,public_data,factor_signal,低,高,高,低估值可能是价值陷阱,股价影响因素全景表v2.0.md,7.9,v2.0
expectation_valuation_factor_aj,预期、估值与定价偏离层,估值水平,PE/PB 分位数高,factor,估值透支风险,成长股、题材股,see impact_path,,,A,,,,true,public_data,factor_signal,低,高,高,高估值需高增长支持,股价影响因素全景表v2.0.md,7.10,v2.0
expectation_valuation_factor_ak,预期、估值与定价偏离层,估值水平,股息率高,factor,红利吸引力增强,银行、煤炭、公用事业,see impact_path,,,A,,,,true,public_data,factor_signal,低,高,高,利率环境很重要,股价影响因素全景表v2.0.md,7.11,v2.0
expectation_valuation_factor_al,预期、估值与定价偏离层,估值水平,股息率下降,factor,红利吸引力下降,红利股,see impact_path,,,A,,,,partial,public_data,factor_signal,低,高,中,可能因股价上涨导致,股价影响因素全景表v2.0.md,7.12,v2.0
expectation_valuation_factor_am,预期、估值与定价偏离层,已定价程度,事件前大幅上涨,event,利好可能已提前反映,热门股、题材股,see impact_path,,事件前涨幅、相对强弱,A,,,,true,public_data,factor_signal,低,高,高,适合过滤追高,股价影响因素全景表v2.0.md,7.13,v2.0
expectation_valuation_factor_an,预期、估值与定价偏离层,已定价程度,事件前大幅下跌,event,利空可能已提前反映,风险股、周期股,see impact_path,,事件前涨幅、相对强弱,A,,,,partial,public_data,factor_signal,低,高,中,需要资金确认,股价影响因素全景表v2.0.md,7.14,v2.0
expectation_valuation_factor_ao,预期、估值与定价偏离层,利好兑现,好消息后下跌,factor,资金借利好出货,热门股,see impact_path,,,A/C,,,,true,public_data,factor_signal,高,中,高,A 股常见,股价影响因素全景表v2.0.md,7.15,v2.0
expectation_valuation_factor_ap,预期、估值与定价偏离层,利空出尽,坏消息后上涨,factor,风险释放后反弹,风险股、周期股,see impact_path,,,A/C,,,,partial,public_data,factor_signal,高,中,中,要有成交确认,股价影响因素全景表v2.0.md,7.16,v2.0
expectation_valuation_factor_aq,预期、估值与定价偏离层,风格轮动,成长风格占优,factor,高估值科技股受益,科技、医药、新能源,see impact_path,,,A,,,,true,public_data,factor_signal,低,高,高,风格切换快,股价影响因素全景表v2.0.md,7.17,v2.0
expectation_valuation_factor_ar,预期、估值与定价偏离层,风格轮动,价值/红利风格占优,factor,高分红低估值股受益,银行、煤炭、公用事业,see impact_path,,,A,,,,true,public_data,factor_signal,低,高,高,利率下行时红利可能受益,股价影响因素全景表v2.0.md,7.18,v2.0
expectation_valuation_factor_as,预期、估值与定价偏离层,风格轮动,小盘风格占优,factor,小市值股票溢价,中小盘、题材股,see impact_path,,,A,,,,true,public_data,factor_signal,低,高,高,容易受量化和监管影响,股价影响因素全景表v2.0.md,7.19,v2.0
expectation_valuation_factor_at,预期、估值与定价偏离层,风格轮动,大盘风格占优,factor,蓝筹权重受益,沪深300、央国企,see impact_path,,,A,,,,true,public_data,factor_signal,低,高,高,资金配置决定强弱,股价影响因素全景表v2.0.md,7.20,v2.0
expectation_valuation_factor_au,预期、估值与定价偏离层,因子拥挤,热门赛道过度拥挤,factor,小利空引发大跌,成长、主题股,see impact_path,,,B/C,,,,partial,public_data,factor_signal,中,中,中,需要持仓和估值代理,股价影响因素全景表v2.0.md,7.21,v2.0
expectation_valuation_factor_av,预期、估值与定价偏离层,因子拥挤,低关注度基本面改善,factor,预期差较大,冷门股、中小盘,see impact_path,,,A/C,,,,partial,public_data,factor_signal,高,中,中,流动性风险较高,股价影响因素全景表v2.0.md,7.22,v2.0
expectation_valuation_factor_aw,预期、估值与定价偏离层,反身性,股价上涨改善融资和信心,factor,上涨强化基本面预期,成长股、题材股,see impact_path,,,A/D,,,,partial,public_data,factor_signal,高,中,中,泡沫阶段常见,股价影响因素全景表v2.0.md,7.23,v2.0
expectation_valuation_factor_ax,预期、估值与定价偏离层,反身性,股价下跌引发质押/信心恶化,factor,下跌强化风险,民企、小盘股,see impact_path,,,A/D,,,,true,public_data,factor_signal,高,中,高,风险过滤价值高,股价影响因素全景表v2.0.md,7.24,v2.0
expectation_valuation_factor_ay,预期、估值与定价偏离层,事件后漂移,公告后继续上涨,event,市场缓慢消化利好,盈利超预期、政策受益股,see impact_path,,,A,,,,true,public_data,factor_signal,低,高,高,适合事件研究,股价影响因素全景表v2.0.md,7.25,v2.0
expectation_valuation_factor_az,预期、估值与定价偏离层,事件后反转,公告后短涨后跌,event,过度反应回归,热门题材,see impact_path,,,A,,,,true,public_data,factor_signal,低,高,高,需要分事件类型回测,股价影响因素全景表v2.0.md,7.26,v2.0
expectation_valuation_factor_ba,预期、估值与定价偏离层,相对强弱,强于行业指数,factor,个股逻辑被确认,个股,see impact_path,,,A,,,,true,public_data,factor_signal,低,高,高,排除行业 beta,股价影响因素全景表v2.0.md,7.27,v2.0
expectation_valuation_factor_bb,预期、估值与定价偏离层,相对强弱,弱于行业指数,factor,个股逻辑不被认可,个股,see impact_path,,,A,,,,true,public_data,factor_signal,低,高,高,可能有隐藏风险,股价影响因素全景表v2.0.md,7.28,v2.0
expectation_valuation_factor_bc,预期、估值与定价偏离层,估值锚变化,行业估值中枢上移,factor,市场重估行业空间,成长、政策受益行业,see impact_path,,,A/C,,,,partial,public_data,factor_signal,高,中,中,可能来自叙事变化,股价影响因素全景表v2.0.md,7.29,v2.0
expectation_valuation_factor_bd,预期、估值与定价偏离层,估值锚变化,行业估值中枢下移,factor,赛道降温或盈利模式受疑,高估值行业,see impact_path,,,A/C,,,,partial,public_data,factor_signal,高,中,中,常与政策、竞争格局相关,股价影响因素全景表v2.0.md,7.30,v2.0
risk_compliance_factor_aa,风险事件与合规边界层,财务异常,财务重述,event,历史财务可信度下降,所有公司,see impact_path,,,A/C,,,,true,public_data,risk_filter,高,中,高,适合风险过滤,股价影响因素全景表v2.0.md,8.1,v2.0
risk_compliance_factor_ab,风险事件与合规边界层,财务异常,审计非标意见,event,财务风险上升,所有公司,see impact_path,,,A,,,,true,public_data,risk_filter,高,高,高,年报季尤其重要,股价影响因素全景表v2.0.md,8.2,v2.0
risk_compliance_factor_ac,风险事件与合规边界层,财务异常,现金流与利润严重背离,event,利润质量可疑,所有公司,see impact_path,,,A,,,,true,public_data,risk_filter,中,高,高,需要多期观察,股价影响因素全景表v2.0.md,8.3,v2.0
risk_compliance_factor_ad,风险事件与合规边界层,信披违规,监管处罚,event,信任崩塌，估值折价,所有公司,see impact_path,,,A/C,,,,true,public_data,risk_filter,高,中,高,处罚性质很关键,股价影响因素全景表v2.0.md,8.4,v2.0
risk_compliance_factor_ae,风险事件与合规边界层,信披违规,交易所问询未充分回复,event,风险关注上升,所有公司,see impact_path,,,A/C,,,,partial,public_data,risk_filter,高,中,中,可作为风险预警,股价影响因素全景表v2.0.md,8.5,v2.0
risk_compliance_factor_af,风险事件与合规边界层,停牌风险,临时停牌,event,流动性中断,个股,see impact_path,,,A,,,,true,public_data,risk_filter,低,高,高,直接进入风控,股价影响因素全景表v2.0.md,8.6,v2.0
risk_compliance_factor_ag,风险事件与合规边界层,退市风险,ST / *ST,event,估值和流动性崩塌,绩差股,see impact_path,,,A,,,,true,public_data,risk_filter,高,高,高,适合直接排除,股价影响因素全景表v2.0.md,8.7,v2.0
risk_compliance_factor_ah,风险事件与合规边界层,退市风险,退市预警,event,极端下行风险,绩差股,see impact_path,,,A,,,,true,public_data,risk_filter,高,高,高,不适合小资金试水,股价影响因素全景表v2.0.md,8.8,v2.0
risk_compliance_factor_ai,风险事件与合规边界层,安全事故,爆炸、矿难、火灾,event,停产、赔偿、监管、声誉损失,化工、煤炭、制造,see impact_path,,,C,,,,partial,public_data,risk_filter,高,中,中,样本少但冲击大,股价影响因素全景表v2.0.md,8.9,v2.0
risk_compliance_factor_aj,风险事件与合规边界层,环保事故,污染处罚、环保督察,event,停产、罚款、合规成本上升,高污染行业,see impact_path,,,C,,,,partial,public_data,risk_filter,高,中,中,区域政策影响大,股价影响因素全景表v2.0.md,8.10,v2.0
risk_compliance_factor_ak,风险事件与合规边界层,产品事故,产品质量问题、召回,event,销售下降、赔偿、品牌受损,消费、汽车、医药,see impact_path,,,C,,,,partial,public_data,risk_filter,高,中,中,舆情扩散决定短期冲击,股价影响因素全景表v2.0.md,8.11,v2.0
risk_compliance_factor_al,风险事件与合规边界层,食品药品安全,监管介入,event,商业模式和品牌受损,食品、医药,see impact_path,,,C,,,,partial,public_data,risk_filter,高,中,中,可能导致长期估值折价,股价影响因素全景表v2.0.md,8.12,v2.0
risk_compliance_factor_am,风险事件与合规边界层,数据安全,数据泄露、网络攻击,event,罚款、信任下降、业务中断,互联网、金融、软件,see impact_path,,,C,,,,partial,public_data,risk_filter,高,中,中,重要性上升,股价影响因素全景表v2.0.md,8.13,v2.0
risk_compliance_factor_an,风险事件与合规边界层,高管风险,实控人失联 / 被查,event,控制权和经营风险,民企、小盘股,see impact_path,,,A/C,,,,true,public_data,risk_filter,高,中,高,A 股冲击大,股价影响因素全景表v2.0.md,8.14,v2.0
risk_compliance_factor_ao,风险事件与合规边界层,债务风险,债券违约,event,信用崩塌、融资关闭,地产、城投链、民企,see impact_path,,,A/C,,,,true,public_data,risk_filter,高,中,高,可传导给银行和供应商,股价影响因素全景表v2.0.md,8.15,v2.0
risk_compliance_factor_ap,风险事件与合规边界层,股权风险,质押爆仓,event,被动卖出、控制权风险,民企、小盘股,see impact_path,,,A/B,,,,true,public_data,risk_filter,中,高,高,结合股价跌幅判断,股价影响因素全景表v2.0.md,8.16,v2.0
risk_compliance_factor_aq,风险事件与合规边界层,银行风险,不良资产上升,event,金融系统风险偏好下降,银行、地产链,see impact_path,,,A/B,,,,partial,public_data,risk_filter,中,中,中,银行数据滞后，需代理,股价影响因素全景表v2.0.md,8.17,v2.0
risk_compliance_factor_ar,风险事件与合规边界层,自然灾害,洪水、地震、极端天气,event,供应链中断或需求变化,农业、保险、基建、物流,see impact_path,,,C,,,,partial,public_data,risk_filter,高,中,中,需地理映射,股价影响因素全景表v2.0.md,8.18,v2.0
risk_compliance_factor_as,风险事件与合规边界层,公共卫生,疫情/重大公共卫生事件,event,消费和供应链受冲击,消费、医药、旅游、物流,see impact_path,,,C,,,,partial,public_data,risk_filter,高,中,中,样本少，规则会变,股价影响因素全景表v2.0.md,8.19,v2.0
risk_compliance_factor_at,风险事件与合规边界层,地缘黑天鹅,战争、封锁、制裁升级,event,商品价格、供应链、避险情绪剧烈变化,能源、军工、航运、黄金,see impact_path,,,C,,,,partial,public_data,risk_filter,高,中,中,持续性不确定,股价影响因素全景表v2.0.md,8.20,v2.0
risk_compliance_factor_au,风险事件与合规边界层,数据合法性,未公开重大信息,event,可能构成内幕信息,所有策略,see impact_path,,,E,,,,false,illegal,no_trade,高,不适用,不适用,禁止进入实盘信号,股价影响因素全景表v2.0.md,8.21,v2.0
risk_compliance_factor_av,风险事件与合规边界层,数据合法性,私域群内幕传闻,event,来源不可审计，合规风险高,所有策略,see impact_path,,,E,,,,false,illegal,no_trade,高,不适用,不适用,只允许记录为风险观察,股价影响因素全景表v2.0.md,8.22,v2.0
risk_compliance_factor_aw,风险事件与合规边界层,数据权限,受限行情数据,event,权限和监管风险,高频、微观结构策略,see impact_path,,,D/E,,,,false,restricted,observe_only,低,中,低,MVP 阶段不依赖,股价影响因素全景表v2.0.md,8.23,v2.0
risk_compliance_factor_ax,风险事件与合规边界层,谣言风险,无来源小作文,event,短期价格扰动但真实性不足,题材股,see impact_path,,,C/E,,,,partial,rumor_only,observe_only,高,低,低/中,默认 observe_only,股价影响因素全景表v2.0.md,8.24,v2.0
risk_compliance_factor_ay,风险事件与合规边界层,合规边界,自动下单,event,程序化交易监管风险,策略系统,see impact_path,,内部规则库、来源注册表,unknown,,,,false,illegal,no_trade,中,不适用,不适用,MVP 阶段建议人工确认下单,股价影响因素全景表v2.0.md,8.25,v2.0
risk_compliance_factor_az,风险事件与合规边界层,合规边界,误导性信息传播,event,舆情系统合规风险,舆情模块,see impact_path,,内部规则库、来源注册表,E,,,,false,illegal,no_trade,高,不适用,不适用,只做分析不传播未经证实内容,股价影响因素全景表v2.0.md,8.26,v2.0
risk_compliance_factor_ba,风险事件与合规边界层,模型风险,过拟合,event,回测好看，实盘失效,所有策略,see impact_path,,,unknown,,,,true,unknown,risk_filter,中,高,高,必须做样本外测试,股价影响因素全景表v2.0.md,8.27,v2.0
risk_compliance_factor_bb,风险事件与合规边界层,模型风险,数据泄漏,event,回测使用未来信息,所有策略,see impact_path,,,unknown,,,,true,unknown,risk_filter,中,高,高,事件时间戳必须严格校验,股价影响因素全景表v2.0.md,8.28,v2.0
risk_compliance_factor_bc,风险事件与合规边界层,执行风险,流动性不足,event,无法按预期成交,小盘、冷门股,see impact_path,,,A,,,,true,public_data,risk_filter,低,高,高,小资金也要考虑最小成交成本,股价影响因素全景表v2.0.md,8.29,v2.0
risk_compliance_factor_bd,风险事件与合规边界层,执行风险,滑点和手续费侵蚀,event,策略收益被交易成本吞掉,高频、小额交易,see impact_path,,,A,,,,true,public_data,risk_filter,低,高,高,¥10k 实盘尤其重要,股价影响因素全景表v2.0.md,8.30,v2.0
